experiment,experiment_id,experiment_title,source,run,comparison_id,variant,strategy,seed,metric_ap,metric_name,roc_auc,precision,recall,f1,f1_macro,gmean,accuracy,specificity,false_positive_rate,alert_rate,decision_threshold,threshold_policy,best_val_ap,val_test_ap_gap,inference_seconds,inference_ms_per_1000,duration_seconds,peak_vram_gb,long_tail_recall,tp,fp,tn,fn,protocol,full_data,included_in_summary,notes
EXP1,1,Starter GraphSAGE,result\exp1_summary.csv,,,,uniform,42.0,0.003199812338987,AP/AUPRC,,0.0045662100456621,0.0847457627118644,0.0086655112651646,,,0.9618666666666666,0.9635950703049331,0.036404929695066965,,,,0.3315819907823814,0.3283821784433944,0.897054000000935,29.90180000003117,,,0.0847457627118644,5.0,1090.0,28851.0,54.0,temporal_70_15_15,,,"Baseline GraphSAGE, split temporal 70/15/15, prefix 200k rows."
EXP1,1,Starter GraphSAGE,result\exp1_summary.csv,,,,uniform,43.0,0.0032020595634427,AP/AUPRC,,0.0014814814814814814,0.0169491525423728,0.0027247956403269,,,0.9756,0.9774890618215825,0.022510938178417556,,,,0.3782129341473685,0.3750108745839258,0.8960216999985278,29.867389999950927,,,0.0169491525423728,1.0,674.0,29267.0,58.0,temporal_70_15_15,,,"Baseline GraphSAGE, split temporal 70/15/15, prefix 200k rows."
EXP1,1,Starter GraphSAGE,result\exp1_summary.csv,,,,uniform,44.0,0.0024681855510425,AP/AUPRC,,0.0024229837313949464,0.1186440677966101,0.0047489823609226,,,0.9022,0.9037440299255202,0.09625597007447981,,,,0.3122873424985772,0.3098191569475347,1.05565339999157,35.18844666638567,,,0.135593220338983,7.0,2882.0,27059.0,52.0,temporal_70_15_15,,,"Baseline GraphSAGE, split temporal 70/15/15, prefix 200k rows."
EXP1,1,Starter GraphSAGE,result\exp1_summary.csv,,,,uniform,45.0,0.0032986786742656,AP/AUPRC,,0.003745318352059925,0.0508474576271186,0.0069767441860465,,,0.9715333333333334,0.9733475835810427,0.026652416418957284,,,,0.3253539346399493,0.32205525596568374,0.8792524999880698,29.30841666626899,,,0.0677966101694915,3.0,798.0,29143.0,56.0,temporal_70_15_15,,,"Baseline GraphSAGE, split temporal 70/15/15, prefix 200k rows."
EXP1,1,Starter GraphSAGE,result\exp1_summary.csv,,,,uniform,46.0,0.0026038620134072,AP/AUPRC,,0.0034071550255536627,0.1016949152542373,0.0065934065934065,,,0.9397333333333333,0.9413847232891353,0.0586152767108647,,,,0.2941652498819029,0.2915613878684957,0.8724485000129789,29.081616667099297,,,0.135593220338983,6.0,1755.0,28186.0,53.0,temporal_70_15_15,,,"Baseline GraphSAGE, split temporal 70/15/15, prefix 200k rows."
EXP2,2,GPU-bound GraphSAGE,result\exp2_summary.csv,,,exp2_gpu_bound,uniform,42.0,0.0020188315678742,AP/AUPRC,,0.0015739769150052466,0.0508474576271186,0.0030534351145038,,,0.9347,0.9364416686149427,0.06355833138505727,,,,0.3126238706154415,0.3106050390475673,0.0486823999963235,1.622746666544117,,0.1349835395812988,,3.0,1903.0,28038.0,56.0,temporal_70_15_15,,,Memindahkan training/sampling utama ke GPU dengan candidate Gumbel top-k.
EXP2,2,GPU-bound GraphSAGE,result\exp2_summary.csv,,,exp2_gpu_bound,uniform,43.0,0.0022326888422413,AP/AUPRC,,0.0023952095808383233,0.0338983050847457,0.0044742729306487,,,0.9703333333333334,0.9721786179486324,0.02782138205136769,,,,0.1935613031770653,0.191328614334824,0.0473355000140145,1.5778500004671514,,0.1351799964904785,,2.0,833.0,29108.0,57.0,temporal_70_15_15,,,Memindahkan training/sampling utama ke GPU dengan candidate Gumbel top-k.
EXP2,2,GPU-bound GraphSAGE,result\exp2_summary.csv,,,exp2_gpu_bound,uniform,44.0,0.0022147406112013,AP/AUPRC,,0.0023923444976076554,0.1864406779661017,0.0047240712905303,,,0.8455,0.8467987041180989,0.15320129588190107,,,,0.2201645966370759,0.2179498560258746,0.0501655999978538,1.6721866665951286,,0.1351380348205566,,11.0,4587.0,25354.0,48.0,temporal_70_15_15,,,Memindahkan training/sampling utama ke GPU dengan candidate Gumbel top-k.
EXP2,2,GPU-bound GraphSAGE,result\exp2_summary.csv,,,exp2_gpu_bound,uniform,45.0,0.0027643976810886,AP/AUPRC,,0.0017123287671232876,0.0169491525423728,0.0031104199066874,,,0.9786333333333334,0.9805283724658495,0.019471627534150496,,,,0.336326730239422,0.3335623325583334,0.0622353999933693,2.074513333112312,,0.1351900100708007,,1.0,583.0,29358.0,58.0,temporal_70_15_15,,,Memindahkan training/sampling utama ke GPU dengan candidate Gumbel top-k.
EXP2,2,GPU-bound GraphSAGE,result\exp2_summary.csv,,,exp2_gpu_bound,uniform,46.0,0.0028268373903693,AP/AUPRC,,0.0044994375703037125,0.0677966101694915,0.0084388185654008,,,0.9686666666666667,0.9704418690090512,0.029558130990948867,,,,0.2484616555014158,0.2456348181110465,0.0563770000007934,1.8792333333597828,,0.1351752281188964,,4.0,885.0,29056.0,55.0,temporal_70_15_15,,,Memindahkan training/sampling utama ke GPU dengan candidate Gumbel top-k.
EXP3,3,Stable training/evaluation,result\exp3_summary.csv,,,exp3_stable_training,uniform,42.0,0.0034828812137609,AP/AUPRC,,0.0,0.0,0.0,,,0.9976666666666667,0.9996326108012424,0.0003673891987575565,,0.986023167769114,,0.2975536975446718,0.2940708163309109,2.1920945000019856,73.06981666673286,,,0.0,0.0,11.0,29930.0,59.0,temporal_70_15_15,,,Memisahkan RNG training/evaluation dan menstabilkan checkpoint/threshold.
EXP3,3,Stable training/evaluation,result\exp3_summary.csv,,,exp3_stable_training,uniform,43.0,0.0033407300541052,AP/AUPRC,,0.0,0.0,0.0,,,0.9976,0.9995658127651047,0.0004341872348952941,,0.976452926794688,,0.3254177932035196,0.3220770631494144,2.192271100007929,73.07570333359763,,,0.0,0.0,13.0,29928.0,59.0,temporal_70_15_15,,,Memisahkan RNG training/evaluation dan menstabilkan checkpoint/threshold.
EXP3,3,Stable training/evaluation,result\exp3_summary.csv,,,exp3_stable_training,uniform,44.0,0.0021901408832828,AP/AUPRC,,0.0,0.0,0.0,,,0.9978666666666667,0.9998330049096557,0.00016699509034434387,,0.9866414467493692,,0.3514584297089276,0.3492682888256448,2.1855106000148226,72.85035333382741,,,0.0,0.0,5.0,29936.0,59.0,temporal_70_15_15,,,Memisahkan RNG training/evaluation dan menstabilkan checkpoint/threshold.
EXP3,3,Stable training/evaluation,result\exp3_summary.csv,,,exp3_stable_training,uniform,45.0,0.0019712828126368,AP/AUPRC,,0.0,0.0,0.0,,,0.9979666666666667,0.9999332019638623,6.679803613773756e-05,,0.9972414970397948,,0.3292006413879689,0.3272293585753321,2.108594899997115,70.2864966665705,,,0.0,0.0,2.0,29939.0,59.0,temporal_70_15_15,,,Memisahkan RNG training/evaluation dan menstabilkan checkpoint/threshold.
EXP3,3,Stable training/evaluation,result\exp3_summary.csv,,,exp3_stable_training,uniform,46.0,0.0033420977780523,AP/AUPRC,,0.0,0.0,0.0,,,0.9976666666666667,0.9996326108012424,0.0003673891987575565,,0.986347794532776,,0.3394126837627203,0.33607058598466805,2.4411930999776814,81.37310333258938,,,0.0,0.0,11.0,29930.0,59.0,temporal_70_15_15,,,Memisahkan RNG training/evaluation dan menstabilkan checkpoint/threshold.
EXP4,4,GPU-bound stable evaluation,result\exp4_summary.csv,,,exp4_gpu_stable,uniform,42.0,0.0030893610818381,AP/AUPRC,,0.0,0.0,0.0,,,0.998,0.9999666009819311,3.339901806886878e-05,,0.9901764988899232,,0.2769799370975498,0.2738905760157117,0.216293899982702,7.209796666090066,,0.1349248886108398,0.0,0.0,1.0,29940.0,59.0,temporal_70_15_15,,,Menggabungkan jalur GPU EXP2 dengan evaluasi stabil EXP3.
EXP4,4,GPU-bound stable evaluation,result\exp4_summary.csv,,,exp4_gpu_stable,uniform,43.0,0.0022010887348412,AP/AUPRC,,0.0,0.0,0.0,,,0.9978666666666667,0.9998330049096557,0.00016699509034434387,,0.979799747467041,,0.2219439929324155,0.2197429041975743,0.1469975000072736,4.899916666909121,,0.1350927352905273,0.0,0.0,5.0,29936.0,59.0,temporal_70_15_15,,,Menggabungkan jalur GPU EXP2 dengan evaluasi stabil EXP3.
EXP4,4,GPU-bound stable evaluation,result\exp4_summary.csv,,,exp4_gpu_stable,uniform,44.0,0.0025829741902987,AP/AUPRC,,0.0,0.0,0.0,,,0.9970333333333333,0.9989980294579339,0.0010019705420660633,,0.991567850112915,,0.1925329535176223,0.1899499793273236,0.1635525000165216,5.451750000550722,,0.1350941658020019,0.0,0.0,30.0,29911.0,59.0,temporal_70_15_15,,,Menggabungkan jalur GPU EXP2 dengan evaluasi stabil EXP3.
EXP4,4,GPU-bound stable evaluation,result\exp4_summary.csv,,,exp4_gpu_stable,uniform,45.0,0.0027573750884969,AP/AUPRC,,0.0,0.0,0.0,,,0.9961,0.9980628569520056,0.001937143047994389,,0.9691633979479471,,0.2747986033098288,0.2720412282213319,0.138772299978882,4.625743332629403,,0.1351041793823242,0.0,0.0,58.0,29883.0,59.0,temporal_70_15_15,,,Menggabungkan jalur GPU EXP2 dengan evaluasi stabil EXP3.
EXP4,4,GPU-bound stable evaluation,result\exp4_summary.csv,,,exp4_gpu_stable,uniform,46.0,0.0025715135528255,AP/AUPRC,,0.0,0.0,0.0,,,0.9978,0.9997662068735179,0.00023379312648208142,,0.987012227376302,,0.2328372914358385,0.230265777883013,0.1415715000184718,4.719050000615729,,0.1351690292358398,0.0,0.0,7.0,29934.0,59.0,temporal_70_15_15,,,Menggabungkan jalur GPU EXP2 dengan evaluasi stabil EXP3.
EXP5,5,Corrected GPU sampler,result\exp5_summary.csv,,,exp5_gpu_corrected,uniform,42.0,0.0121051836546203,AP/AUPRC,,0.0027975814457178957,0.7209302325581395,0.0055735346997482,,,0.26253333333333334,0.2612154843885806,0.7387845156114194,,0.5,,0.0114155393329527,-0.0006896443216675985,0.1960232999990694,13.06821999993796,,0.102856159210205,0.7209302325581395,31.0,11050.0,3907.0,12.0,temporal_70_15_15,,,GPU sampler eksak tanpa replacement dan threshold fixed 0.5.
EXP6,6,Imbalance calibration,result\exp6_summary.csv,,,exp6_gpu_tqdm,topology,42.0,0.0237910480405234,AP/AUPRC,,0.7698412698412699,0.0217781769196228,0.04235807860262,,,0.998800995616499,0.9999920625818889,7.937418111162719e-06,,0.99856299161911,validation_f_beta,0.6659478315392025,0.6421567801748908,104.5390214999934,28.57791724245213,32341.8993145,7.754501342773437,0.0217928555380813,97.0,29.0,3653552.0,4357.0,temporal_70_15_15,,,"Threshold validation, gradient clipping, progress bar, full-data GPU."
EXP6,6,Imbalance calibration,result\exp6_summary.csv,,,exp6_gpu_tqdm,uniform,42.0,0.0234596678535829,AP/AUPRC,,0.6956521739130435,0.0215536596317916,0.0418118466898954,,,0.9987971684251244,0.9999885044289425,1.1495571057546007e-05,,0.9967086315155028,validation_f_beta,0.664371617961896,0.6409119472217706,103.91232120000495,28.406595672268026,20964.6096569,6.409760475158691,0.0215681869242866,96.0,42.0,3653539.0,4358.0,temporal_70_15_15,,,"Threshold validation, gradient clipping, progress bar, full-data GPU."
EXP7,7,Memory-bounded importance,result\exp7_summary.csv,,,exp7_memory_bounded,importance,42.0,0.0112093094219684,AP/AUPRC,,0.0101010101010101,0.0232558139534883,0.0140845070422535,,,0.9906666666666667,0.993447883933944,0.006552116066056027,,0.8342262506484985,validation_f_beta,0.0169954857450981,0.0057861763231297,5.743942900036927,382.9295266691285,568.8870455999859,0.0915813446044921,0.0232558139534883,1.0,98.0,14859.0,42.0,temporal_70_15_15,,,Membatasi temporary tensor importance/PPR agar tidak OOM.
EXP7,7,Memory-bounded importance,result\exp7_summary.csv,,,exp7_memory_bounded,topology,42.0,0.0108020964992586,AP/AUPRC,,0.0081967213114754,0.0232558139534883,0.0121212121212121,,,0.9891333333333333,0.9919101424082369,0.008089857591763054,,0.8318004608154297,validation_f_beta,0.0163707863484138,0.0055686898491551,0.0807873000157997,5.385820001053314,8.458970700041391,0.0933022499084472,0.0232558139534883,1.0,121.0,14836.0,42.0,temporal_70_15_15,,,Membatasi temporary tensor importance/PPR agar tidak OOM.
EXP7,7,Memory-bounded importance,result\exp7_summary.csv,,,exp7_memory_bounded,uniform,42.0,0.0108001311859011,AP/AUPRC,,0.0081967213114754,0.0232558139534883,0.0121212121212121,,,0.9891333333333333,0.9919101424082369,0.008089857591763054,,0.8317821025848389,validation_f_beta,0.0163719607294518,0.0055718295435507,0.0522193000069819,3.481286667132129,8.103135599987581,0.0915899276733398,0.0232558139534883,1.0,121.0,14836.0,42.0,temporal_70_15_15,,,Membatasi temporary tensor importance/PPR agar tidak OOM.
EXP8,8,Adaptive batched importance,result\exp8_summary.csv,,,exp8_adaptive_importance,importance,42.0,0.0236192054918273,AP/AUPRC,,0.7741935483870968,0.0215536596317916,0.0419397116644823,,,0.998800995616499,0.9999923362859616,7.663714038364005e-06,,0.99896502494812,validation_f_beta,0.6598536442851229,0.6362344399263388,334.56291249999776,91.45973521303044,87891.96903809998,6.409760475158691,0.0215681869242866,96.0,28.0,3653553.0,4358.0,temporal_70_15_15,,,Mempercepat importance sampling dengan batching adaptif dan cache bobot.
EXP9,9,Reference sampling,result\exp9\runs.csv,exp9_reference_sampling_3dab9a5ac30d71cd_importance_seed42_attempt0001,3dab9a5ac30d71cd,exp9_reference_sampling_3dab9a5ac30d71cd_importance_seed42_attempt0001,importance,42.0,0.0254477615637858,AP/AUPRC,0.6586402069896353,0.0042981577512647,0.1522227211495285,0.0083602554933537,,,0.956031038522048,0.9570109435099428,0.04298905649005729,,0.5,,0.6523082773369347,0.6268605157731489,0.4775978999969084,0.1305613259569436,1574.7506726000138,2.1657509803771973,0.1523253201527746,678.0,157064.0,3496517.0,3776.0,,,True,Implementasi mandiri dengan frozen train graph dan definisi sampler eksplisit.
EXP9,9,Reference sampling,result\exp9\runs.csv,exp9_reference_sampling_3dab9a5ac30d71cd_topology_seed42,3dab9a5ac30d71cd,exp9_reference_sampling_3dab9a5ac30d71cd_topology_seed42,topology,42.0,0.0258615923431503,AP/AUPRC,0.6576905766981648,0.0041391208069676,0.1443646160754378,0.0080475090894299,,,0.9566666256610448,0.9576568851217476,0.042343114878252326,,0.5,,0.6530447357484147,0.6271831434052644,0.5268164000008255,0.144016227291654,1304.4456625999885,2.1657509803771973,0.1444619186699618,643.0,154704.0,3498877.0,3811.0,,,True,Implementasi mandiri dengan frozen train graph dan definisi sampler eksplisit.
EXP9,9,Reference sampling,result\exp9\runs.csv,exp9_reference_sampling_3dab9a5ac30d71cd_uniform_seed42,3dab9a5ac30d71cd,exp9_reference_sampling_3dab9a5ac30d71cd_uniform_seed42,uniform,42.0,0.0252881879373996,AP/AUPRC,0.6427888651340887,0.0035831968787272,0.1591827570722945,0.0070086298079299,,,0.945078710291181,0.9460367787110783,0.053963221288921746,,0.5,,0.6491501452603743,0.6238619573229746,0.465174000011757,0.1271649943239354,1288.975242600005,1.9113755226135252,0.1588407099528196,709.0,197159.0,3456422.0,3745.0,,,True,Implementasi mandiri dengan frozen train graph dan definisi sampler eksplisit.
EXP10,10,Temporal robust,result\exp10\runs.csv,exp10_temporal_robust_81de71eac888b22b_importance_seed42,81de71eac888b22b,exp10_temporal_robust_81de71eac888b22b_importance_seed42,importance,42.0,0.0291895912699673,AP/AUPRC,0.8068173905224116,0.0211821509228253,0.0610687022900763,0.0314541775079502,0.5145795674233409,0.2466953882127403,0.995420765520286,0.9965598135089928,0.003440186491007,0.0035103546029493,0.7142279744148254,validation,0.7013411174291333,0.672151526159166,1.0254911000083666,0.2803393351918083,120.19984939999996,1.348923683166504,0.0611098629521455,272.0,12569.0,3641012.0,4182.0,,,True,"Robust features, balanced roots, dan validation selection temporal."
EXP10,10,Temporal robust,result\exp10\runs.csv,exp10_temporal_robust_81de71eac888b22b_topology_seed42,81de71eac888b22b,exp10_temporal_robust_81de71eac888b22b_topology_seed42,topology,42.0,0.0285053641543598,AP/AUPRC,0.8030396486821438,0.0211899694642361,0.0514144589133363,0.0300111395059301,0.513991777993723,0.2264190840649913,0.9959532918629812,0.9971047583179352,0.0028952416820647,0.0029543183703819,0.8107842206954956,validation,0.6981901186845207,0.669684754530161,1.182129900000291,0.3231598112101964,129.90877919999184,1.348923683166504,0.0514491125589755,229.0,10578.0,3643003.0,4225.0,,,True,"Robust features, balanced roots, dan validation selection temporal."
EXP10,10,Temporal robust,result\exp10\runs.csv,exp10_legacy_pilot_1m_536930f903a1662c_uniform_seed42,536930f903a1662c,exp10_legacy_pilot_1m_536930f903a1662c_uniform_seed42,uniform,42.0,0.0040885715686895,AP/AUPRC,0.6467801111775171,0.0057436054525961,0.3926701570680628,0.0113216091780511,0.4828204308850106,0.598865522659931,0.9126733333333332,0.9133363149076492,0.0866636850923509,0.0870533333333333,0.5,fixed,0.487631101493767,0.4835425299250774,0.0550586000026669,0.3670573333511129,51.19335819999105,0.0929131507873535,0.3926701570680628,75.0,12983.0,136826.0,116.0,,,True,"Robust features, balanced roots, dan validation selection temporal."
EXP10,10,Temporal robust,result\exp10\runs.csv,exp10_pilot_1m_2bf1b7b39ee22723_uniform_seed42,2bf1b7b39ee22723,exp10_pilot_1m_2bf1b7b39ee22723_uniform_seed42,uniform,42.0,0.0048895424886113,AP/AUPRC,0.8376572626386848,0.0009451795841209,0.0104712041884816,0.0017338534893801,0.4969988478849251,0.1016043398027975,0.9846466666666668,0.9858886982758044,0.0141113017241955,0.0141066666666666,0.8356286883354187,validation,0.2786046309707173,0.273715088482106,0.100963100005174,0.673087333367827,17.35050269999192,0.3129687309265136,0.0104712041884816,2.0,2114.0,147695.0,189.0,,,True,"Robust features, balanced roots, dan validation selection temporal."
EXP10,10,Temporal robust,result\exp10\runs.csv,exp10_temporal_robust_81de71eac888b22b_uniform_seed42,81de71eac888b22b,exp10_temporal_robust_81de71eac888b22b_uniform_seed42,uniform,42.0,0.0352682685448777,AP/AUPRC,0.8058014306544332,0.0377627822475992,0.0653345307588684,0.0478618421052631,0.5231383318777924,0.2553466923673657,0.9968349127332023,0.9979704843001976,0.0020295156998024,0.002106595480907,0.7548426985740662,validation,0.7227922855387842,0.6875240169939064,0.9848349999811036,0.2692251440954237,177.20976529998006,1.094548225402832,0.0653785666142439,291.0,7415.0,3646166.0,4163.0,,,True,"Robust features, balanced roots, dan validation selection temporal."
EXP11,11,Behavioral temporal,result\exp11\runs.csv,exp11_behavioral_temporal_533260b8f51244e6_importance_seed42_attempt0001,533260b8f51244e6,exp11_behavioral_temporal_533260b8f51244e6_importance_seed42_attempt0001,importance,42.0,0.1538505085909682,AP/AUPRC,0.9498149407553088,0.1856746614455865,0.2555006735518635,0.2150618917131248,0.6069624005973621,0.5051253755863669,0.9977291086607974,0.9986339429726616,0.0013660570273383,0.0016754897096391,0.737087607383728,validation,0.8050579862509749,0.6512074776600068,0.986871600000086,0.2697818910972929,239.0372997000004,1.515296459197998,0.2552235452707256,1138.0,4991.0,3648590.0,3316.0,,,True,Fitur perilaku strictly-past dan validation window terbaru.
EXP11,11,Behavioral temporal,result\exp11\runs.csv,exp11_behavioral_temporal_533260b8f51244e6_topology_seed42_attempt0001,533260b8f51244e6,exp11_behavioral_temporal_533260b8f51244e6_topology_seed42_attempt0001,topology,42.0,0.1877907398553105,AP/AUPRC,0.9208123096225712,0.3039344262295081,0.2081275258194881,0.2470682302771855,0.6231475824042643,0.4560773929699867,0.9984554549095348,0.9994189262534484,0.0005810737465516,0.0008337809780387,0.7279874682426453,validation,0.8298098706753524,0.6420191308200419,1.2691516000004412,0.3469490040419081,336.19464379999954,1.515296459197998,0.2080431363738485,927.0,2123.0,3651458.0,3527.0,,,True,Fitur perilaku strictly-past dan validation window terbaru.
EXP11,11,Behavioral temporal,result\exp11\runs.csv,exp11_pilot_1000000_control_86b93d7499aa1296_uniform_seed42,86b93d7499aa1296,exp11_pilot_1000000_control_86b93d7499aa1296_uniform_seed42,uniform,42.0,0.0048895424886113,AP/AUPRC,0.8376572626386848,0.0009451795841209,0.0104712041884816,0.0017338534893801,0.4969988478849251,0.1016043398027975,0.9846466666666668,0.9858886982758044,0.0141113017241955,0.0141066666666666,0.8356286883354187,validation,0.2786046309707173,0.273715088482106,0.0711328000179492,0.4742186667863279,12.076949200010858,0.3149299621582031,0.0104712041884816,2.0,2114.0,147695.0,189.0,,,True,Fitur perilaku strictly-past dan validation window terbaru.
EXP11,11,Behavioral temporal,result\exp11\runs.csv,exp11_pilot_1000000_features_only_6fcb3f02fa489c8a_uniform_seed42,6fcb3f02fa489c8a,exp11_pilot_1000000_features_only_6fcb3f02fa489c8a_uniform_seed42,uniform,42.0,0.1156794840211905,AP/AUPRC,0.9499176944995826,0.4444444444444444,0.0418848167539267,0.0765550239234449,0.5379556210443834,0.2046509733002045,0.9987133333333332,0.9999332483362148,6.675166378522501e-05,0.00012,0.900731325149536,validation,0.7147889858219787,0.5991095018007881,0.0762153999821748,0.5081026665478324,13.833297099976336,0.3556022644042969,0.0418848167539267,8.0,10.0,149799.0,183.0,,,True,Fitur perilaku strictly-past dan validation window terbaru.
EXP11,11,Behavioral temporal,result\exp11\runs.csv,exp11_pilot_1000000_main_4807fc0324d9a265_uniform_seed42,4807fc0324d9a265,exp11_pilot_1000000_main_4807fc0324d9a265_uniform_seed42,uniform,42.0,0.0625660405791624,AP/AUPRC,0.9040294379730084,0.1727272727272727,0.0994764397905759,0.1262458471760797,0.5626841500185585,0.3153030507432786,0.9982466666666666,0.9993925598595546,0.0006074401404454,0.0007333333333333,0.7813540101051331,validation,0.7298007080610222,0.6672346674818597,0.0935558999772183,0.6237059998481224,15.855404100002488,0.355595588684082,0.0994764397905759,19.0,91.0,149718.0,172.0,,,True,Fitur perilaku strictly-past dan validation window terbaru.
EXP11,11,Behavioral temporal,result\exp11\runs.csv,exp11_behavioral_temporal_533260b8f51244e6_uniform_seed42_attempt0001,533260b8f51244e6,exp11_behavioral_temporal_533260b8f51244e6_uniform_seed42_attempt0001,uniform,42.0,0.1747205826582898,AP/AUPRC,0.8830298308592883,0.2084332533972821,0.234171531207903,0.2205540283358003,0.6097725395906268,0.4836503448308227,0.9979847103704584,0.9989158581676444,0.0010841418323557,0.0013679475456085,0.4745828211307525,validation,0.8323026724169728,0.6575820897586829,1.0541229999998905,0.2881664609551003,334.9218845000005,1.2609210014343262,0.2341046955740283,1043.0,3961.0,3649620.0,3411.0,,,True,Fitur perilaku strictly-past dan validation window terbaru.
EXP12,12,Recent context,result\exp12\runs.csv,exp12_recent_context_7bdae5fe466252c7_importance_seed42,7bdae5fe466252c7,exp12_recent_context_7bdae5fe466252c7_importance_seed42,importance,42.0,0.2243866609010047,AP/AUPRC,0.9671920337665896,0.2942229038854805,0.2584193982936686,0.2751613674396366,0.6371657791205078,0.5081575656662508,0.9983422793931714,0.9992443030550028,0.0007556969449972,0.0010694266183893,0.2921955585479736,validation,0.852064156195731,0.6276774952947262,1.1258506999984093,0.3077747205804234,207.9352231000012,1.690806865692139,0.2579195686362615,1151.0,2761.0,3650820.0,3303.0,,,True,Fitur recent context tambahan dan validasi recent interleaved.
EXP12,12,Recent context,result\exp12\runs.csv,exp12_recent_context_7bdae5fe466252c7_topology_seed42,7bdae5fe466252c7,exp12_recent_context_7bdae5fe466252c7_topology_seed42,topology,42.0,0.2208231118819924,AP/AUPRC,0.9705083787510574,0.3047619047619048,0.2514593623709025,0.2755566490343216,0.6373754066501446,0.5012818701509186,0.998390119285354,0.9993006860939992,0.0006993139060007,0.0010046377358335,0.2952009439468384,validation,0.8467994607702443,0.6259763488882518,1.1174711999992724,0.3054840098575526,217.26394430000076,1.690806865692139,0.2514041788362166,1120.0,2555.0,3651026.0,3334.0,,,True,Fitur recent context tambahan dan validasi recent interleaved.
EXP12,12,Recent context,result\exp12\runs.csv,exp12_recent_context_6d2d5b1e7aef6380_topology_seed42,6d2d5b1e7aef6380,exp12_recent_context_6d2d5b1e7aef6380_topology_seed42,topology,42.0,0.2081350665242925,AP/AUPRC,0.9520252538496292,0.1988139825218477,0.2860350246969017,0.2345792671699502,0.6167205875016877,0.5344465260634825,0.99772719506511,0.9985948032902514,0.0014051967097485,0.0017517601663188,0.3019711673259735,validation,0.8517877704515461,0.6436527039272535,1.12022689999867,0.3062373378053162,191.0864619999993,1.690807819366455,0.2860031453605931,1274.0,5134.0,3648447.0,3180.0,,,True,Fitur recent context tambahan dan validasi recent interleaved.
EXP12,12,Recent context,result\exp12\runs.csv,exp12_pilot_1000000_control_b371f2b41e990d27_uniform_seed42,b371f2b41e990d27,exp12_pilot_1000000_control_b371f2b41e990d27_uniform_seed42,uniform,42.0,0.0625660405791624,AP/AUPRC,0.9040294379730084,0.1727272727272727,0.0994764397905759,0.1262458471760797,0.5626841500185585,0.3153030507432786,0.9982466666666666,0.9993925598595546,0.0006074401404454,0.0007333333333333,0.7813540101051331,validation,0.7298007080610222,0.6672346674818597,0.1651701000009779,1.10113400000652,21.489553199999136,0.355595588684082,0.0994764397905759,19.0,91.0,149718.0,172.0,,,True,Fitur recent context tambahan dan validasi recent interleaved.
EXP12,12,Recent context,result\exp12\runs.csv,exp12_pilot_1000000_features_only_f6e004d36df5aec3_uniform_seed42,f6e004d36df5aec3,exp12_pilot_1000000_features_only_f6e004d36df5aec3_uniform_seed42,uniform,42.0,0.166574091956998,AP/AUPRC,0.9476737377181744,0.2792792792792792,0.1623036649214659,0.2052980132450331,0.6022486035500904,0.4027617069733546,0.9984,0.9994659866897182,0.0005340133102818,0.00074,0.3090829849243164,validation,0.8069230719722174,0.6403489800152193,0.142247400000997,0.9483160000066468,16.316729099999066,0.4276442527770996,0.1623036649214659,31.0,80.0,149729.0,160.0,,,True,Fitur recent context tambahan dan validasi recent interleaved.
EXP12,12,Recent context,result\exp12\runs.csv,exp12_pilot_1000000_logic_only_9c66709b8deb2129_uniform_seed42,9c66709b8deb2129,exp12_pilot_1000000_logic_only_9c66709b8deb2129_uniform_seed42,uniform,42.0,0.0466432984718843,AP/AUPRC,0.8657157828088184,0.072463768115942,0.0785340314136125,0.0753768844221105,0.5370742941079051,0.280059600246463,0.9975466666666668,0.9987183680553238,0.0012816319446762,0.00138,0.1926280707120895,validation,0.733669394282905,0.6870260958110207,0.0819744000000355,0.5464960000002369,12.340049700000236,0.355595588684082,0.0785340314136125,15.0,192.0,149617.0,176.0,,,True,Fitur recent context tambahan dan validasi recent interleaved.
EXP12,12,Recent context,result\exp12\runs.csv,exp12_pilot_1000000_main_c0889f007b2b418d_uniform_seed42,c0889f007b2b418d,exp12_pilot_1000000_main_c0889f007b2b418d_uniform_seed42,uniform,42.0,0.166574091956998,AP/AUPRC,0.9476737377181744,0.3186813186813186,0.1518324607329843,0.2056737588652482,0.6024631948357697,0.3895762098779736,0.9985066666666668,0.9995861396845316,0.0004138603154684,0.0006066666666666,0.3606634736061096,validation,0.8069230719722174,0.6403489800152193,0.1404485000002751,0.9363233333351672,13.98199620000014,0.4276442527770996,0.1518324607329843,29.0,62.0,149747.0,162.0,,,True,Fitur recent context tambahan dan validasi recent interleaved.
EXP12,12,Recent context,result\exp12\runs.csv,exp12_pilot_1000000_self_only_7b64eff9fc076c23_uniform_seed42,7b64eff9fc076c23,exp12_pilot_1000000_self_only_7b64eff9fc076c23_uniform_seed42,uniform,42.0,0.1197616949051938,AP/AUPRC,0.9439815494207476,0.1956521739130435,0.1413612565445026,0.1641337386018237,0.5816080327768571,0.3758410779103788,0.9981666666666666,0.999259056531984,0.0007409434680158,0.00092,0.3917767703533172,validation,0.6967676627245819,0.5770059678193881,0.2036814000002778,1.357876000001852,22.15222689999973,0.4276442527770996,0.1413612565445026,27.0,111.0,149698.0,164.0,,,True,Fitur recent context tambahan dan validasi recent interleaved.
EXP12,12,Recent context,result\exp12\runs.csv,exp12_recent_context_7bdae5fe466252c7_uniform_seed42,7bdae5fe466252c7,exp12_recent_context_7bdae5fe466252c7_uniform_seed42,uniform,42.0,0.2073454849693897,AP/AUPRC,0.9765915130974024,0.2515856236786469,0.2671755725190839,0.2591463414634146,0.6291075825180689,0.5166398192059553,0.9981399849919425,0.9990310875822924,0.0009689124177074,0.0012930439429912,0.322765052318573,validation,0.8526702909610652,0.6453248059916754,1.0144486999997753,0.2773206653298219,199.37855720000152,1.4364314079284668,0.2669063131880476,1190.0,3540.0,3650041.0,3264.0,,,True,Fitur recent context tambahan dan validasi recent interleaved.
EXP12,12,Recent context,result\exp12\runs.csv,exp12_recent_context_9178038163c730d0_uniform_seed42,9178038163c730d0,exp12_recent_context_9178038163c730d0_uniform_seed42,uniform,42.0,0.2062692355642489,AP/AUPRC,0.948941761283892,0.3207364341085271,0.2229456668163448,0.263046357615894,0.6311425271849098,0.4720353158029501,0.9984789647994072,0.9994244003349044,0.0005755996650956,0.0008463560354124,0.6917193531990051,validation,0.8588250845526139,0.6525558489883649,1.1356750000013562,0.310460397454195,210.74340660000237,1.4364328384399414,0.2228712648842956,993.0,2103.0,3651478.0,3461.0,,,True,Fitur recent context tambahan dan validasi recent interleaved.
EXP12,12,Recent context,result\exp12\runs.csv,exp12_recent_context_4b92fbbea32c75a4_uniform_seed42,4b92fbbea32c75a4,exp12_recent_context_4b92fbbea32c75a4_uniform_seed42,uniform,42.0,0.1901256279997085,AP/AUPRC,0.94738719349535,0.3632778264680105,0.1861248316120341,0.2461401425178147,0.6227227071898964,0.4313360769193692,0.9986118230142684,0.9996023079822236,0.0003976920177765,0.0006238321940604,0.9208043813705444,validation,0.8465752919279279,0.6564496639282194,1.114251899998635,0.3046039472007881,130.03948780000064,1.4364328384399414,0.1860256122219725,829.0,1453.0,3652128.0,3625.0,,,True,Fitur recent context tambahan dan validasi recent interleaved.
EXP12,12,Recent context,result\exp12\runs.csv,exp12_recent_context_6d2d5b1e7aef6380_uniform_seed42,6d2d5b1e7aef6380,exp12_recent_context_6d2d5b1e7aef6380_uniform_seed42,uniform,42.0,0.2485714871712006,AP/AUPRC,0.961496167516116,0.4287434765154556,0.2397844634036821,0.3075593952483801,0.653450725277979,0.4895825486433585,0.9986853597628236,0.9996105191044076,0.0003894808955925,0.000680966693867,0.8531165719032288,validation,0.845463321400876,0.5968918342296754,1.1440606999967713,0.3127528030750857,178.98742989999664,1.4364323616027832,0.2397214109188946,1068.0,1423.0,3652158.0,3386.0,,,True,Fitur recent context tambahan dan validasi recent interleaved.
EXP12,12,Recent context,result\exp12\runs.csv,exp12_recent_context_c39b0e23c708fe40_uniform_seed42,c39b0e23c708fe40,exp12_recent_context_c39b0e23c708fe40_uniform_seed42,uniform,42.0,0.2169103137266625,AP/AUPRC,0.973375006712494,0.2506137479541734,0.2750336775931746,0.2622564761293085,0.6306566179359181,0.5241735732308793,0.9981159283604448,0.9989974219813385,0.0010025780186616,0.0013362365313617,0.280505895614624,validation,0.8256051066284604,0.608694792901798,1.0969108999997843,0.2998634239420301,145.11006160000034,1.4364323616027832,0.2747697146708605,1225.0,3663.0,3649918.0,3229.0,,,True,Fitur recent context tambahan dan validasi recent interleaved.
EXP12,12,Recent context,result\exp12\runs.csv,exp12_chip_weight_n30_dd39a2ff0c5542ec_uniform_seed42,dd39a2ff0c5542ec,exp12_chip_weight_n30_dd39a2ff0c5542ec_uniform_seed42,uniform,42.0,0.22225055337545,AP/AUPRC,0.9514195846519752,0.3978902953586498,0.2117198024247867,0.2763774912075029,0.6378509542638513,0.4600403349840476,0.9986500949280146,0.9996094242881164,0.0003905757118837,0.0006478888255579,0.8477632403373718,validation,0.8535187668609983,0.6312682134855483,2.467984799994156,0.6746750099422657,306.3396386000095,1.4364323616027832,0.211637834194563,943.0,1427.0,3652154.0,3511.0,,,True,Fitur recent context tambahan dan validasi recent interleaved.
EXP12,12,Recent context,result\exp12\runs.csv,exp12_channel_equal_n30_e0fe1853a94ef333_uniform_seed42,e0fe1853a94ef333,exp12_channel_equal_n30_e0fe1853a94ef333_uniform_seed42,uniform,42.0,0.2001363257912366,AP/AUPRC,0.9619078494130586,0.2495421245421245,0.2447238437359676,0.2471094989798231,0.6231002692259326,0.4944737374482097,0.9981842710635628,0.999102798049366,0.0008972019506341,0.0011940837088764,0.242638424038887,validation,0.8421740708178175,0.6420377450265808,1.15457709999464,0.3156276798867807,142.36655269999756,1.4364323616027832,0.244664120422377,1090.0,3278.0,3650303.0,3364.0,,,True,Fitur recent context tambahan dan validasi recent interleaved.
EXP12,12,Recent context,result\exp12\runs.csv,exp12_self_only_n30_edc36ce9ebc6f172_uniform_seed42,edc36ce9ebc6f172,exp12_self_only_n30_edc36ce9ebc6f172_uniform_seed42,uniform,42.0,0.1979363618299159,AP/AUPRC,0.9506068239719746,0.2951111111111111,0.2236192186798383,0.2544386256226849,0.6268199691115384,0.4727299554893538,0.9984043345676026,0.999348858010812,0.0006511419891881,0.000922626492092,0.821772038936615,validation,0.8566754822331122,0.6587391204031963,1.151589500004775,0.3148109572502108,176.4345614000049,1.4364323616027832,0.2235452707256796,996.0,2379.0,3651202.0,3458.0,,,True,Fitur recent context tambahan dan validasi recent interleaved.
EXP13,13,Kaggle T4 deployment,,,,,,,,AP/AUPRC,,,,,,,,,,,,,,,,,,,,,,,,,,,Tidak ada metrik lokal yang ditemukan di result/.
EXP14,14,Local temporal R0,result\exp14\runs.csv,,6bfbdcebec6e37633e141a0b67007fe67b4ec55d4d14918f214ab60476614f3f,R0,importance,42.0,0.1432709115493529,AP/AUPRC,,0.1981637337413925,0.2325999101930848,0.2140053707911588,,,,,0.0011473681012508,,,,,,20.712827800016385,,,,,,4192.0,,,static,True,,Perbandingan lokal uniform/topology/importance pada protokol R0.
EXP14,14,Local temporal R0,result\exp14\runs.csv,,6bfbdcebec6e37633e141a0b67007fe67b4ec55d4d14918f214ab60476614f3f,R0,topology,42.0,0.1579304775007588,AP/AUPRC,,0.2188160676532769,0.2323753929052537,0.2253919860627177,,,,,0.0010113371026053,,,,,,13.730721800005997,,,,,,3695.0,,,static,True,,Perbandingan lokal uniform/topology/importance pada protokol R0.
EXP14,14,Local temporal R0,result\exp14\runs.csv,,6bfbdcebec6e37633e141a0b67007fe67b4ec55d4d14918f214ab60476614f3f,R0,uniform,42.0,0.1871015049555408,AP/AUPRC,,0.2586206896551724,0.2593174674449933,0.2589686098654709,,,,,0.0009062346811168,,,,,,13.656843600037972,,,,,,3311.0,,,static,True,,Perbandingan lokal uniform/topology/importance pada protokol R0.
